radius,chord,pitch,Cl,Cd,dT,dQ,F,a,ap,Re,AoA
0.024,0.012,0.5235987755982988,1.3324123096150904,0.017376577142288727,0.1617762126164581,0.0014868696386764304,0.9272466488773271,2.0423760557403705,0.08644509137371133,14306.56298921581,9.792619186893074
0.043,0.018,0.3839724354387525,1.0880163303930606,0.011568005416708091,0.6621886232823526,0.008105700401474293,0.9894588737088743,3.1814664603112983,0.05586864671155413,38656.65404640607,6.719139950884798
0.062,0.023,0.2792526803190927,0.8156453049204718,0.008274525289906295,1.3538954862103942,0.019006822468557984,0.9971227901332419,3.855354507101967,0.037348588952663686,71662.223125811,3.8229237285989255
0.081,0.02504,0.19198621771937624,0.5939419761152159,0.0069118758773329975,1.8690693959962108,0.027134550037386716,0.9917396068068078,3.9874979587346155,0.02340434627560974,102480.94717491283,1.5054690191799633
0.1,0.02,0.13962634015954636,0.5026693450568194,0.0066854992378048515,1.9522342642530386,0.027547858143309185,0.9404259929045125,3.7419153794416258,0.01400614926238201,101444.44229217687,0.7300463819227854
0.12,0.01,0.08726646259971647,1.0908411013838257,0.30142436082754337,-0.0,-0.0,0.0,-1.0,1.0,0.0,167.0
